[{"fields": {"user_type": "National/regional authoritiy"}, "model": "dss_pharos.usertype", "pk": 1}, {"fields": {"user_type": "MPA manager"}, "model": "dss_pharos.usertype", "pk": 2}, {"fields": {"user_type": "Economic sector developer"}, "model": "dss_pharos.usertype", "pk": 3}, {"fields": {"user_type": "Economic sector player"}, "model": "dss_pharos.usertype", "pk": 4}, {"fields": {"description": "Aquaculture"}, "model": "dss_pharos.activity", "pk": 1}, {"fields": {"description": "Maritime traffic and ports "}, "model": "dss_pharos.activity", "pk": 3}, {"fields": {"description": "Cruise sector"}, "model": "dss_pharos.activity", "pk": 4}, {"fields": {"description": "Leisure boating"}, "model": "dss_pharos.activity", "pk": 5}, {"fields": {"description": "Scuba diving"}, "model": "dss_pharos.activity", "pk": 6}, {"fields": {"description": "Recreational fisheries"}, "model": "dss_pharos.activity", "pk": 7}, {"fields": {"description": "Offshore wind farms"}, "model": "dss_pharos.activity", "pk": 8}, {"fields": {"description": "Artisanal Fisheries"}, "model": "dss_pharos.activity", "pk": 9}, {"fields": {"multichoice": false, "question_text": "Kind of protected area:", "question_level": 1, "activity": [1, 3, 4, 5, 6, 7, 8, 9]}, "model": "dss_pharos.question", "pk": 2}, {"fields": {"multichoice": false, "question_text": "Wich type of intervention is going to be planned?", "question_level": 5, "activity": []}, "model": "dss_pharos.question", "pk": 3}, {"fields": {"multichoice": true, "question_text": "kind of species farmed", "question_level": 4, "activity": [1]}, "model": "dss_pharos.question", "pk": 4}, {"fields": {"multichoice": true, "question_text": "types of habitats below/in the proximity of the farm ", "question_level": 3, "activity": [1, 3, 4, 5, 6, 7, 8, 9]}, "model": "dss_pharos.question", "pk": 5}, {"fields": {"multichoice": false, "question_text": "If MPA, which zone wil be involved in intervention", "question_level": 2, "activity": [1, 3, 4, 5, 6, 7, 8, 9]}, "model": "dss_pharos.question", "pk": 6}, {"fields": {"multichoice": true, "question_text": "Gross annual income p redicted", "question_level": 10, "activity": [1]}, "model": "dss_pharos.question", "pk": 7}, {"fields": {"multichoice": true, "question_text": "Wich type of benthos is protected?", "question_level": 4, "activity": [1, 3, 4, 5, 6, 7, 8, 9]}, "model": "dss_pharos.question", "pk": 8}, {"fields": {"answer_text": "National MPA", "question": 2}, "model": "dss_pharos.answer", "pk": 1}, {"fields": {"answer_text": "NATURA 2000 site", "question": 2}, "model": "dss_pharos.answer", "pk": 2}, {"fields": {"answer_text": "AQUACULTURE FACILITY", "question": 3}, "model": "dss_pharos.answer", "pk": 3}, {"fields": {"answer_text": "PASSENGER ROUTE", "question": 3}, "model": "dss_pharos.answer", "pk": 4}, {"fields": {"answer_text": "YACHTING MARINA ", "question": 3}, "model": "dss_pharos.answer", "pk": 5}, {"fields": {"answer_text": "SMALL FISHING PORT ", "question": 3}, "model": "dss_pharos.answer", "pk": 6}, {"fields": {"answer_text": "FISH", "question": 4}, "model": "dss_pharos.answer", "pk": 7}, {"fields": {"answer_text": "SHELLFISH", "question": 4}, "model": "dss_pharos.answer", "pk": 8}, {"fields": {"answer_text": "ALGAE FARM", "question": 4}, "model": "dss_pharos.answer", "pk": 9}, {"fields": {"answer_text": "POSIDONIA BEDS", "question": 5}, "model": "dss_pharos.answer", "pk": 10}, {"fields": {"answer_text": "CORALLIGENOUS FORMATIONS", "question": 5}, "model": "dss_pharos.answer", "pk": 11}, {"fields": {"answer_text": "MAERL BEDS", "question": 5}, "model": "dss_pharos.answer", "pk": 13}, {"fields": {"answer_text": "Zone A", "question": 6}, "model": "dss_pharos.answer", "pk": 14}, {"fields": {"answer_text": "Zone B", "question": 6}, "model": "dss_pharos.answer", "pk": 15}, {"fields": {"answer_text": "Zone C", "question": 6}, "model": "dss_pharos.answer", "pk": 16}, {"fields": {"answer_text": "1000", "question": 7}, "model": "dss_pharos.answer", "pk": 17}, {"fields": {"answer_text": "10000", "question": 7}, "model": "dss_pharos.answer", "pk": 18}, {"fields": {"answer_text": "more than 10000", "question": 7}, "model": "dss_pharos.answer", "pk": 19}, {"fields": {"answer_text": "ROCKY BOTTOMS", "question": 8}, "model": "dss_pharos.answer", "pk": 20}, {"fields": {"answer_text": "SOFT BOTTOMS", "question": 8}, "model": "dss_pharos.answer", "pk": 21}, {"fields": {"answer_text": "SEAGRASSES", "question": 8}, "model": "dss_pharos.answer", "pk": 22}, {"fields": {"answer_text": "VALUABLE DEMERSAL SPECIES", "question": 8}, "model": "dss_pharos.answer", "pk": 23}, {"fields": {"recommendation_text": "Recommendation to avoid litter dispersal\r\n", "activity": 1}, "model": "dss_pharos.recommendation", "pk": 2}, {"fields": {"recommendation_text": "Fish farms cannot be in zone A and zone B", "activity": null}, "model": "dss_pharos.recommendation", "pk": 3}, {"fields": {"recommendation_text": "Fish farms determine high impact on SEAGRASSES/ROCKY BOTTOMS: should not be approved", "activity": null}, "model": "dss_pharos.recommendation", "pk": 4}, {"fields": {"recommendation_text": "Fish farms determine medium impact on SOFT BOTTOMS within 100 mt radius from SEAGRASSES/ROCKY ASSEMBLAGES: recommendations to reduce impacts", "activity": null}, "model": "dss_pharos.recommendation", "pk": 5}, {"fields": {"recommendation_text": "Fish farms cannot be in zone A and zone B", "activity": null}, "model": "dss_pharos.recommendation", "pk": 6}, {"fields": {"answer": 7, "condition": "OR", "recommendation": 2}, "model": "dss_pharos.collection", "pk": 1}, {"fields": {"answer": 14, "condition": "AND", "recommendation": 3}, "model": "dss_pharos.collection", "pk": 3}, {"fields": {"answer": 7, "condition": "AND", "recommendation": 3}, "model": "dss_pharos.collection", "pk": 4}, {"fields": {"answer": 8, "condition": "OR", "recommendation": 2}, "model": "dss_pharos.collection", "pk": 5}, {"fields": {"answer": 20, "condition": "OR", "recommendation": 4}, "model": "dss_pharos.collection", "pk": 6}, {"fields": {"answer": 22, "condition": "OR", "recommendation": 4}, "model": "dss_pharos.collection", "pk": 7}, {"fields": {"answer": 21, "condition": "AND", "recommendation": 5}, "model": "dss_pharos.collection", "pk": 8}, {"fields": {"answer": 7, "condition": "AND", "recommendation": 5}, "model": "dss_pharos.collection", "pk": 9}, {"fields": {"answer": 15, "condition": "AND", "recommendation": 6}, "model": "dss_pharos.collection", "pk": 10}, {"fields": {"answer": 7, "condition": "AND", "recommendation": 6}, "model": "dss_pharos.collection", "pk": 11}]